PSEUDO_ID,TYPE,AGE,HEIGHT_cm,WEIGHT_kg,PONDERAL_INDEX_kg_m3,PER_Skull_cm,PER_Neck_cm,THICK_WingedNeck_cm,DIST_SupScapularAngToC7_AVG_cm,DIST_SupScapularAngToT10_AVG_cm,DIST_C7ToT10_cm,LONG_Arm_AVG_cm,DIST_UpperArm_AVG_cm,DIST_Forearm_AVG_cm,DIST_Hand_AVG_cm,LONG_Leg_AVG_cm,DIST_Thigh_AVG_cm,DIST_LowerLeg_LATERAL_AVG_cm,DIST_LowerLeg_MEDIAL_AVG_cm,DIST_Foot_AVG_cm,PER_Abdominal_cm,DIST_BetweenSupAntIliacCrest_cm,PER_Hip_cm,DIST_SternalEndClavicleToSternalManubrium_AVG_cm,DIST_ManubriumToXiphoidApophysis_cm,DIST_ManubriumToCentralNavel_cm,QC_FLAGS,QC_COLUMNS,QC_N_FLAGS,IMPUTED_COLUMNS,N_IMPUTED_VALUES,PER_Skull_cm_was_imputed,PER_Neck_cm_was_imputed,THICK_WingedNeck_cm_was_imputed,DIST_SupScapularAngToC7_AVG_cm_was_imputed,DIST_SupScapularAngToT10_AVG_cm_was_imputed,DIST_C7ToT10_cm_was_imputed,LONG_Arm_AVG_cm_was_imputed,DIST_UpperArm_AVG_cm_was_imputed,DIST_Forearm_AVG_cm_was_imputed,DIST_Hand_AVG_cm_was_imputed,LONG_Leg_AVG_cm_was_imputed,DIST_Thigh_AVG_cm_was_imputed,DIST_LowerLeg_LATERAL_AVG_cm_was_imputed,DIST_LowerLeg_MEDIAL_AVG_cm_was_imputed,DIST_Foot_AVG_cm_was_imputed,PER_Abdominal_cm_was_imputed,DIST_BetweenSupAntIliacCrest_cm_was_imputed,PER_Hip_cm_was_imputed,DIST_SternalEndClavicleToSternalManubrium_AVG_cm_was_imputed,DIST_ManubriumToXiphoidApophysis_cm_was_imputed,DIST_ManubriumToCentralNavel_cm_was_imputed
CO_0f749cf4,ST,31,156.5,57.0,14.870714303347636,53.0,34.0,19.5,6.5,15.0,17.5,65.35,28.65,22.0,16.85,83.75,41.75,40.0,38.0,15.5,75.0,42.5,102.0,2.0,21.0,33.5,outlier,DIST_BetweenSupAntIliacCrest_cm;DIST_Foot_AVG_cm,2,,0,False,False,False,False,False,False,False,False,False,False,False,False,False,False,False,False,False,False,False,False,False
CO_57c7a621,ST,19,137.0,37.5,14.583761933892388,54.0,30.0,19.5,9.0,13.2,18.5,58.5,24.0,19.5,15.75,65.75,30.25,29.0,23.75,11.0,64.0,24.5,84.0,1.5,15.5,33.0,,,0,,0,False,False,False,False,False,False,False,False,False,False,False,False,False,False,False,False,False,False,False,False,False
CO_4629a277,ST,18,148.0,50.0,15.423568199316922,55.0,29.5,23.2,9.2,10.0,15.0,64.0,28.5,20.25,17.6,78.0,31.25,31.25,29.0,10.4,69.0,27.0,96.0,2.0,14.0,36.0,,,0,,0,False,False,False,False,False,False,False,False,False,False,False,False,False,False,False,False,False,False,False,False,False
CO_8cc54ca2,ST,5,103.0,14.0,12.811983230944234,48.0,27.0,13.0,4.5,15.5,18.0,40.5,15.0,13.35,12.75,42.5,18.5,20.75,16.0,8.75,49.0,16.0,51.0,1.25,10.0,26.5,outlier,DIST_BetweenSupAntIliacCrest_cm;DIST_Forearm_AVG_cm;DIST_Hand_AVG_cm;DIST_LowerLeg_LATERAL_AVG_cm;DIST_LowerLeg_MEDIAL_AVG_cm;DIST_ManubriumToCentralNavel_cm;DIST_ManubriumToXiphoidApophysis_cm;DIST_SupScapularAngToC7_AVG_cm;DIST_Thigh_AVG_cm;DIST_UpperArm_AVG_cm;HEIGHT_cm;LONG_Arm_AVG_cm;LONG_Leg_AVG_cm;PER_Hip_cm;PER_Skull_cm;THICK_WingedNeck_cm;WEIGHT_kg,17,,0,False,False,False,False,False,False,False,False,False,False,False,False,False,False,False,False,False,False,False,False,False
CO_1ac5cf38,CN,5,113.0,20.0,13.861003245553912,48.0,24.5,18.0,6.5,10.0,13.5,45.5,17.75,15.0,12.95,54.75,25.15,22.3,20.0,10.7,51.0,19.5,104.0,1.5,10.8,25.5,outlier,DIST_Hand_AVG_cm;DIST_ManubriumToCentralNavel_cm;LONG_Arm_AVG_cm;PER_Neck_cm;PER_Skull_cm,5,,0,False,False,False,False,False,False,False,False,False,False,False,False,False,False,False,False,False,False,False,False,False
CO_00a04e6d,ST,29,145.5,48.0,15.583042581759534,54.1,30.0,24.5,10.25,13.0,16.3,62.85,26.0,20.85,17.85,74.75,33.75,31.75,29.0,10.7,72.7,24.2,83.0,1.5,15.0,36.5,,,0,,0,False,False,False,False,False,False,False,False,False,False,False,False,False,False,False,False,False,False,False,False,False
CO_6567e12c,ST,71,155.0,66.0,17.723473532274845,56.0,46.0,16.5,3.25,18.9,19.0,70.75,28.75,24.0,19.6,87.75,41.25,33.5,31.0,12.65,93.0,36.5,101.0,1.0,12.5,38.0,outlier,DIST_BetweenSupAntIliacCrest_cm;DIST_SupScapularAngToC7_AVG_cm;PER_Neck_cm,3,,0,False,False,False,False,False,False,False,False,False,False,False,False,False,False,False,False,False,False,False,False,False
CO_683c67f3,ST,37,158.0,58.0,14.704719099300458,52.5,30.5,24.5,9.0,14.5,18.0,70.0,28.5,24.5,17.0,85.75,35.75,35.0,32.1,11.9,69.0,27.5,98.5,2.0,18.0,35.5,,,0,,0,False,False,False,False,False,False,False,False,False,False,False,False,False,False,False,False,False,False,False,False,False
CO_f2929563,ST,16,144.0,60.0,20.093878600823047,56.5,36.5,21.2,8.8,14.0,18.0,62.5,25.0,21.85,17.8,74.75,33.0,30.0,27.25,10.25,85.0,27.0,96.5,2.0,17.0,36.0,outlier,PONDERAL_INDEX_kg_m3,1,,0,False,False,False,False,False,False,False,False,False,False,False,False,False,False,False,False,False,False,False,False,False
CO_d7762779,ST,37,147.0,50.5,15.897885833031904,55.7,32.0,23.5,9.5,10.0,16.0,61.75,25.25,21.5,17.0,71.75,34.0,30.9,27.5,11.0,76.5,27.0,93.5,2.5,7.8,40.0,outlier,DIST_ManubriumToXiphoidApophysis_cm,1,,0,False,False,False,False,False,False,False,False,False,False,False,False,False,False,False,False,False,False,False,False,False
CO_a72c0f72,CN,58,158.0,59.0,14.95824873894357,56.0,35.5,24.7,10.5,14.6,19.5,64.9,26.25,22.0,17.5,80.25,36.0,33.25,30.5,11.25,79.0,30.5,94.0,2.0,18.5,39.2,,,0,,0,False,False,False,False,False,False,False,False,False,False,False,False,False,False,False,False,False,False,False,False,False
CO_af5622d3,ST,19,146.0,52.0,16.70878136431056,55.0,33.0,24.5,7.5,14.0,17.5,64.4,25.5,21.5,17.75,70.25,31.0,31.0,27.1,10.4,69.5,22.0,94.5,2.2,19.5,37.5,,,0,,0,False,False,False,False,False,False,False,False,False,False,False,False,False,False,False,False,False,False,False,False,False
CO_1fbc46fc,CN,25,161.3,67.0,15.965102109193788,54.8,31.5,21.5,8.0,14.2,18.5,70.6,29.3,24.5,17.4,86.25,36.75,36.6,32.65,10.25,73.0,23.9,114.8,2.2,19.1,36.5,,,0,,0,False,False,False,False,False,False,False,False,False,False,False,False,False,False,False,False,False,False,False,False,False
CO_8422f129,ST,18,148.0,48.0,14.806625471344246,54.5,30.5,24.0,9.75,11.0,16.6,61.85,24.75,21.3,17.0,75.1,33.0,31.65,31.5,10.25,67.0,23.8,94.0,2.2,16.5,36.0,,,0,,0,False,False,False,False,False,False,False,False,False,False,False,False,False,False,False,False,False,False,False,False,False
CO_f3f3a123,CN,32,161.2,59.0,14.085001553914667,53.3,31.2,24.0,9.0,12.2,17.6,68.0,26.6,24.25,17.3,85.75,39.35,38.65,34.3,11.25,70.5,24.8,100.0,2.5,18.6,37.0,,,0,,0,False,False,False,False,False,False,False,False,False,False,False,False,False,False,False,False,False,False,False,False,False
CO_966b74c6,ST,23,148.0,55.0,16.965925019248616,55.2,34.3,22.5,9.5,12.0,18.0,61.25,26.65,20.8,17.5,73.75,36.35,30.3,27.5,10.5,79.0,27.8,97.0,2.7,20.2,37.0,,,0,,0,False,False,False,False,False,False,False,False,False,False,False,False,False,False,False,False,False,False,False,False,False
CO_15b5b0e2,CN,23,174.0,60.0,11.389469751846232,55.5,30.3,28.3,9.0,19.5,22.5,74.6,28.65,28.25,20.0,96.75,42.75,42.25,38.75,13.0,64.5,23.0,97.0,2.5,17.0,32.5,outlier,DIST_Foot_AVG_cm;DIST_Hand_AVG_cm,2,,0,False,False,False,False,False,False,False,False,False,False,False,False,False,False,False,False,False,False,False,False,False
CO_16ed8804,CN,28,156.5,57.0,14.870714303347636,56.0,30.0,24.0,9.0,16.0,19.5,65.25,26.0,22.2,17.0,85.0,39.25,33.5,33.0,10.35,76.0,26.0,102.0,1.7,17.7,35.5,,,0,,0,False,False,False,False,False,False,False,False,False,False,False,False,False,False,False,False,False,False,False,False,False
CO_c9dcfbe9,ST,17,145.0,60.0,19.68100373119029,59.8,34.0,21.3,7.5,12.0,16.3,66.75,26.25,21.5,19.0,76.7,32.1,33.55,28.0,11.0,82.5,27.0,96.0,2.0,12.6,35.0,outlier,PER_Skull_cm;PONDERAL_INDEX_kg_m3,2,,0,False,False,False,False,False,False,False,False,False,False,False,False,False,False,False,False,False,False,False,False,False
CO_6db3d110,CN,27,168.8,75.0,15.593511917428383,55.0,32.0,25.7,8.5,15.2,17.0,73.0,30.75,26.5,18.45,90.75,38.5,37.4,35.0,11.5,81.0,28.6,108.5,2.3,20.5,40.0,,,0,,0,False,False,False,False,False,False,False,False,False,False,False,False,False,False,False,False,False,False,False,False,False
CO_4ce1469f,ST,8,116.0,22.0,14.094468817909718,51.7,26.5,18.9,8.5,8.0,10.3,50.0,20.5,17.25,14.2,61.0,26.5,24.5,22.0,8.4,58.5,20.5,69.5,2.0,11.5,26.5,outlier,DIST_C7ToT10_cm;DIST_Foot_AVG_cm;DIST_Hand_AVG_cm;DIST_ManubriumToCentralNavel_cm,4,,0,False,False,False,False,False,False,False,False,False,False,False,False,False,False,False,False,False,False,False,False,False
CO_8ef45496,CN,25,155.5,54.0,14.361591837509494,54.0,31.0,23.6,8.0,14.0,18.7,65.5,27.65,22.25,17.75,80.0,36.0,32.25,28.5,10.7,66.5,22.5,97.0,2.0,17.6,35.2,,,0,,0,False,False,False,False,False,False,False,False,False,False,False,False,False,False,False,False,False,False,False,False,False
CO_9c70def7,CN,6,115.5,25.0,16.225349333799326,50.0,22.2,17.0,6.7,12.7,15.0,44.5,20.15,15.3,13.1,54.2,24.5,23.7,21.75,8.2,62.5,17.0,71.0,1.5,10.5,29.5,outlier,DIST_BetweenSupAntIliacCrest_cm;DIST_Foot_AVG_cm;DIST_Hand_AVG_cm;DIST_ManubriumToXiphoidApophysis_cm;LONG_Arm_AVG_cm;PER_Neck_cm,6,,0,False,False,False,False,False,False,False,False,False,False,False,False,False,False,False,False,False,False,False,False,False
CO_947d1024,CN,22,160.0,61.5,15.014648437499996,53.2,30.0,24.7,8.05,19.200000000000003,20.7,65.15,27.05,23.8,17.7,84.05,38.25,33.75,32.25,11.55,68.5,28.0,102.0,1.7,15.5,37.5,,,0,,0,False,False,False,False,False,False,False,False,False,False,False,False,False,False,False,False,False,False,False,False,False
CO_7a944f96,CN,33,164.0,71.0,16.09632767951713,54.5,33.5,23.8,9.5,16.5,21.0,72.0,32.25,26.1,18.35,87.65,38.05,38.25,36.0,11.4,90.1,40.0,113.0,1.4,19.8,44.5,outlier,DIST_BetweenSupAntIliacCrest_cm;DIST_ManubriumToCentralNavel_cm,2,,0,False,False,False,False,False,False,False,False,False,False,False,False,False,False,False,False,False,False,False,False,False
CO_e8058802,CN,23,175.0,64.0,11.941690962099123,53.5,30.5,25.5,10.2,16.2,23.1,75.0,29.5,26.0,18.35,94.85,46.25,42.0,37.0,10.5,67.5,24.3,99.0,1.7,20.1,36.0,,,0,,0,False,False,False,False,False,False,False,False,False,False,False,False,False,False,False,False,False,False,False,False,False
CO_0a252ece,ST,27,143.0,38.0,12.994976073855238,54.3,31.4,19.6,7.050000000000001,18.7,24.0,58.25,23.75,19.75,16.0,73.1,33.0,30.75,27.25,9.05,63.0,22.5,77.0,2.5,17.0,31.0,,,0,,0,False,False,False,False,False,False,False,False,False,False,False,False,False,False,False,False,False,False,False,False,False
CO_11fc10b5,CN,73,162.0,70.0,16.464668702640555,54.6,34.0,23.5,6.0,13.6,16.3,68.5,26.75,24.5,19.0,85.5,38.75,37.6,35.85,10.6,87.0,31.7,105.5,1.5,19.3,38.5,,,0,,0,False,False,False,False,False,False,False,False,False,False,False,False,False,False,False,False,False,False,False,False,False
CO_0e0a3f32,CN,33,160.5,60.0,14.51196225583737,51.3,30.5,22.5,6.5,18.4,19.8,67.25,25.6,24.5,16.9,83.25,43.0,35.25,33.6,11.5,74.0,26.8,107.0,1.5,17.6,36.5,,,0,,0,False,False,False,False,False,False,False,False,False,False,False,False,False,False,False,False,False,False,False,False,False
CO_9c2b4da9,ST,51,133.5,36.0,15.130688961736851,51.5,27.1,22.0,7.5,15.8,20.5,54.0,21.5,18.45,14.95,64.0,21.75,28.5,21.8,10.1,66.0,25.0,77.6,1.8,18.5,33.0,,,0,,0,False,False,False,False,False,False,False,False,False,False,False,False,False,False,False,False,False,False,False,False,False
CO_b2cd3448,ST,45,134.0,51.5,21.40389609094203,52.2,30.5,21.6,8.45,12.5,16.4,60.25,24.0,20.7,16.5,63.2,25.0,27.5,24.65,9.3,85.3,26.7,89.0,1.7,16.1,36.0,outlier,PONDERAL_INDEX_kg_m3,1,,0,False,False,False,False,False,False,False,False,False,False,False,False,False,False,False,False,False,False,False,False,False
CO_feaecb4a,ST,44,140.5,57.0,20.551611564085356,54.7,34.0,20.8,6.25,18.05,20.5,56.5,23.25,19.6,15.1,69.25,27.5,29.75,26.15,9.4,93.0,34.0,96.5,1.5,18.0,40.5,outlier,DIST_BetweenSupAntIliacCrest_cm;PONDERAL_INDEX_kg_m3,2,,0,False,False,False,False,False,False,False,False,False,False,False,False,False,False,False,False,False,False,False,False,False
CO_505d10ba,CN,28,166.5,69.0,14.948801573263871,57.5,36.0,24.5,8.5,13.0,15.5,70.75,29.75,25.0,18.4,92.6,43.45,38.0,36.8,10.65,82.5,30.4,101.0,2.0,22.2,37.0,,,0,,0,False,False,False,False,False,False,False,False,False,False,False,False,False,False,False,False,False,False,False,False,False
CO_2a8d7d8b,ST,17,151.0,50.0,14.522425674951515,53.5,31.0,21.5,7.75,17.65,20.6,62.35,25.25,20.75,17.55,81.0,36.5,32.75,27.6,11.4,68.0,27.0,88.0,2.5,18.7,35.0,,,0,,0,False,False,False,False,False,False,False,False,False,False,False,False,False,False,False,False,False,False,False,False,False
CO_d3fd6d2b,CN,25,163.5,60.0,13.727706312196698,55.0,30.0,24.0,11.3,12.0,18.0,72.5,28.5,26.0,18.1,90.15,40.5,36.5,32.5,10.25,74.0,27.2,98.1,2.55,24.5,38.0,outlier,DIST_ManubriumToXiphoidApophysis_cm,1,,0,False,False,False,False,False,False,False,False,False,False,False,False,False,False,False,False,False,False,False,False,False
CO_61868ed1,ST,23,149.2,46.5,14.00059469949745,54.0,30.0,24.0,8.5,14.25,18.1,65.0,26.5,22.25,17.0,80.0,32.0,33.8,39.0,10.25,67.0,24.8,92.0,2.1,18.5,34.3,,,0,,0,False,False,False,False,False,False,False,False,False,False,False,False,False,False,False,False,False,False,False,False,False
CO_3779dce9,ST,37,138.5,43.0,16.185239691872557,52.0,29.0,21.8,9.05,11.2,18.6,59.25,22.1,20.25,18.05,72.75,30.75,31.0,28.0,10.55,66.5,26.5,84.0,2.25,18.5,34.5,,,0,,0,False,False,False,False,False,False,False,False,False,False,False,False,False,False,False,False,False,False,False,False,False
CO_3ae498fc,ST,36,143.0,44.0,15.046814401306063,52.3,29.0,22.5,8.6,11.5,17.0,63.6,26.0,22.1,17.0,78.55,35.75,31.75,29.0,9.9,72.0,27.0,90.0,1.6,17.0,32.8,,,0,,0,False,False,False,False,False,False,False,False,False,False,False,False,False,False,False,False,False,False,False,False,False
CO_89855647,CN,35,152.5,44.0,12.40632475845996,50.8,28.5,23.2,8.0,16.3,18.7,66.7,27.5,24.0,16.55,84.6,37.25,31.75,31.6,10.75,69.0,26.0,88.5,2.0,17.4,33.0,,,0,,0,False,False,False,False,False,False,False,False,False,False,False,False,False,False,False,False,False,False,False,False,False
CO_97aa3199,ST,45,137.0,51.0,19.83391623009365,53.5,33.0,20.2,9.95,14.15,20.1,58.95,23.75,20.35,15.85,71.25,36.5,27.2,26.25,9.05,87.0,35.2,86.5,1.5,16.6,32.5,outlier,DIST_BetweenSupAntIliacCrest_cm;PONDERAL_INDEX_kg_m3,2,,0,False,False,False,False,False,False,False,False,False,False,False,False,False,False,False,False,False,False,False,False,False
CO_6a15b862,ST,8,116.0,22.0,14.094468817909718,48.5,25.0,17.5,6.9,12.15,15.2,48.0,18.75,16.25,13.8,56.75,26.85,22.15,20.15,8.35,54.0,17.5,63.5,1.5,12.0,26.0,outlier,DIST_BetweenSupAntIliacCrest_cm;DIST_Foot_AVG_cm;DIST_Hand_AVG_cm;DIST_ManubriumToCentralNavel_cm;PER_Hip_cm;PER_Neck_cm,6,,0,False,False,False,False,False,False,False,False,False,False,False,False,False,False,False,False,False,False,False,False,False
